Date,Price,Demand,Unit_Cost,Competitor_Price,Promotion,Holiday,Inventory
2023-01-01,103.48,1071,70.93,103.2,0,0,1592
2023-01-02,107.07,1205,70.6,107.23,1,0,387
2023-01-03,100.16,1148,69.6,99.3,0,1,601
2023-01-04,98.85,996,69.53,98.8,0,0,571
2023-01-05,85.81,1201,68.06,88.05,0,0,204
2023-01-06,111.07,881,71.64,112.72,0,0,228
2023-01-07,96.77,1151,71.37,96.9,0,0,147
2023-01-08,102.27,982,68.35,100.25,0,0,181
2023-01-09,102.41,979,68.56,98.88,0,0,676
2023-01-10,106.21,987,71.16,107.61,0,0,689
2023-01-11,89.44,1162,68.25,91.64,0,0,873
2023-01-12,109.49,921,69.89,110.21,0,0,1149
2023-01-13,120.0,818,69.71,118.16,0,0,331
2023-01-14,97.91,1132,69.26,99.72,0,0,169
2023-01-15,111.36,1043,71.52,113.01,0,0,545
2023-01-16,93.31,1138,68.75,93.5,0,0,437
2023-01-17,98.19,999,70.59,99.11,0,0,648
2023-01-18,96.45,983,69.67,95.66,0,0,838
2023-01-19,102.11,993,69.62,99.19,0,0,1031
2023-01-20,92.62,1225,69.2,92.74,0,0,830
2023-01-21,110.03,984,70.12,112.16,0,0,829
2023-01-22,101.18,1151,68.95,99.58,0,0,988
2023-01-23,93.07,1024,68.16,91.94,0,0,910
2023-01-24,97.44,921,69.39,98.3,0,0,1261
2023-01-25,101.44,959,70.78,98.55,0,0,302
2023-01-26,102.64,1016,69.04,104.64,0,0,744
2023-01-27,103.65,1011,71.55,104.24,0,0,759
2023-01-28,105.93,943,69.49,103.96,0,0,1296
2023-01-29,90.69,1192,69.47,90.64,0,0,1373
2023-01-30,86.79,1125,69.06,88.55,0,0,1656
2023-01-31,98.15,1047,68.78,103.59,0,0,609
2023-02-01,99.04,1012,68.71,98.59,0,0,893
2023-02-02,114.83,880,71.92,117.92,0,0,1135
2023-02-03,94.31,1082,68.68,95.73,0,0,1478
2023-02-04,100.41,994,71.51,98.12,0,0,484
2023-02-05,109.67,1092,69.17,110.7,0,0,697
2023-02-06,96.11,1095,71.55,95.85,0,0,452
2023-02-07,95.27,1025,69.86,91.69,0,0,918
2023-02-08,86.06,1214,71.31,86.91,0,0,853
2023-02-09,98.94,1352,70.16,101.67,1,0,970
2023-02-10,99.25,1063,69.73,98.28,0,0,1347
2023-02-11,95.26,1052,68.69,94.31,0,0,1582
2023-02-12,101.29,1074,70.07,102.45,0,0,508
2023-02-13,101.6,945,68.48,100.24,0,0,815
2023-02-14,93.51,919,69.97,93.39,0,0,1217
2023-02-15,90.9,1068,71.8,90.25,0,0,1556
2023-02-16,102.83,1010,68.65,104.65,0,0,546
2023-02-17,97.3,1054,71.76,93.51,0,0,982
2023-02-18,103.12,1037,71.28,105.39,0,0,1046
2023-02-19,95.1,1161,68.07,95.66,0,0,1286
2023-02-20,91.33,1061,69.98,89.68,0,0,1700
2023-02-21,99.45,1333,68.71,100.94,1,0,367
2023-02-22,108.94,1213,69.36,107.76,1,0,170
2023-02-23,96.92,936,68.95,98.19,0,0,430
2023-02-24,98.33,1326,68.04,100.04,1,0,287
2023-02-25,99.09,1054,69.93,97.38,0,0,501
2023-02-26,105.39,1108,71.16,106.72,0,0,325
2023-02-27,95.26,1363,70.95,98.89,1,0,253
2023-02-28,100.39,946,69.7,100.51,0,0,754
2023-03-01,100.55,1501,69.5,102.86,1,1,184
2023-03-02,109.29,862,69.93,107.38,0,0,247
2023-03-03,91.8,1019,69.97,91.76,0,0,388
2023-03-04,105.88,1063,68.95,108.15,0,0,241
2023-03-05,94.09,1209,71.85,94.54,0,0,363
2023-03-06,95.09,1027,71.98,93.16,0,0,465
2023-03-07,101.47,1005,71.8,101.25,0,0,607
2023-03-08,91.54,1082,68.92,94.72,0,0,469
2023-03-09,88.38,1042,69.12,91.84,0,0,773
2023-03-10,105.19,1307,69.67,108.14,1,0,489
2023-03-11,96.72,1103,71.94,99.46,0,0,874
2023-03-12,99.2,1176,69.66,101.68,0,0,1142
2023-03-13,102.12,1285,71.99,105.15,1,0,801
2023-03-14,94.82,1027,69.01,93.52,0,0,607
2023-03-15,103.46,964,69.43,104.12,0,0,748
2023-03-16,101.19,1053,70.24,103.5,0,0,1072
2023-03-17,109.58,1237,71.22,110.05,1,0,969
2023-03-18,106.2,1077,69.39,105.93,0,0,1254
2023-03-19,90.34,1253,70.79,89.95,0,0,869
2023-03-20,99.96,1049,69.32,100.77,0,0,979
2023-03-21,93.42,1286,70.79,95.41,0,1,553
2023-03-22,96.29,927,68.71,94.7,0,0,971
2023-03-23,98.66,924,68.51,96.22,0,0,1060
2023-03-24,105.96,911,70.99,104.72,0,0,1422
2023-03-25,83.89,1272,71.04,87.45,0,0,956
2023-03-26,106.07,1033,71.0,107.01,0,0,914
2023-03-27,88.39,1058,69.08,88.02,0,0,1129
2023-03-28,89.08,1103,69.37,89.49,0,0,1053
2023-03-29,115.21,929,70.15,118.26,0,0,1348
2023-03-30,104.98,954,70.43,104.4,0,0,394
2023-03-31,98.64,919,68.03,97.41,0,0,720
2023-04-01,94.2,1111,71.59,93.11,0,0,631
2023-04-02,99.65,1398,71.59,101.24,0,1,638
2023-04-03,103.51,987,71.72,101.55,0,0,776
2023-04-04,94.67,1044,71.87,92.85,0,0,532
2023-04-05,89.33,1081,70.32,90.93,0,0,940
2023-04-06,100.33,1129,69.82,104.32,0,0,1206
2023-04-07,105.85,843,71.04,103.59,0,0,363
2023-04-08,92.77,1427,71.72,93.51,1,0,282
2023-04-09,101.28,1185,68.19,101.99,0,0,187
2023-04-10,104.47,1045,68.66,105.56,0,0,-17
2023-04-11,108.41,952,69.76,107.59,0,0,-27
2023-04-12,94.1,934,70.31,91.68,0,0,-58
2023-04-13,93.81,1099,71.76,94.38,0,0,311
2023-04-14,97.09,1422,69.98,98.05,1,0,99
2023-04-15,110.57,1005,71.51,111.37,0,0,50
2023-04-16,93.15,1124,70.16,88.0,0,0,352
2023-04-17,102.89,1015,69.01,106.64,0,0,159
2023-04-18,105.85,1112,69.85,106.21,0,0,529
2023-04-19,100.77,1296,70.79,102.22,1,0,410
2023-04-20,92.02,1008,68.28,91.36,0,0,202
2023-04-21,100.39,1082,70.37,102.58,0,0,36
2023-04-22,95.92,1031,70.41,95.5,0,0,14
2023-04-23,105.88,1060,70.35,105.8,0,0,-67
2023-04-24,89.29,1090,69.68,88.83,0,0,-202
2023-04-25,100.55,971,71.9,97.58,0,0,-14
2023-04-26,107.91,915,70.01,106.55,0,0,188
2023-04-27,95.98,1071,68.15,94.89,0,0,29
2023-04-28,81.38,1126,69.6,79.02,0,0,345
2023-04-29,90.15,1158,70.58,88.59,0,0,335
2023-04-30,94.59,1153,69.63,91.34,0,0,309
2023-05-01,100.69,953,68.71,100.43,0,0,233
2023-05-02,97.38,946,70.41,93.99,0,0,759
2023-05-03,102.28,893,69.69,99.78,0,0,1051
2023-05-04,94.29,1041,69.45,96.66,0,0,1309
2023-05-05,101.16,1070,71.94,99.21,0,0,1559
2023-05-06,80.51,1256,70.17,77.81,0,0,303
2023-05-07,100.13,1059,68.69,100.83,0,0,60
2023-05-08,103.86,997,69.62,107.48,0,0,-111
2023-05-09,111.34,850,70.66,114.48,0,0,472
2023-05-10,91.04,1097,69.69,91.78,0,0,545
2023-05-11,95.72,1032,69.15,92.91,0,0,410
2023-05-12,87.72,1059,69.59,84.21,0,0,394
2023-05-13,99.96,1046,70.39,98.64,0,0,763
2023-05-14,112.4,1010,69.74,113.82,0,0,1030
2023-05-15,106.9,877,71.85,105.71,0,0,1544
2023-05-16,100.31,1059,71.49,101.94,0,0,485
2023-05-17,96.82,1295,69.96,98.09,0,1,75
2023-05-18,101.45,1259,71.66,102.34,1,0,209
2023-05-19,109.5,858,70.58,104.08,0,0,281
2023-05-20,119.19,900,70.79,121.7,0,0,677
2023-05-21,114.3,1010,70.95,115.27,0,0,636
2023-05-22,106.97,964,71.96,108.25,0,0,500
2023-05-23,96.38,971,69.92,99.2,0,0,717
2023-05-24,87.69,1058,70.93,87.67,0,0,604
2023-05-25,86.46,1128,70.72,84.05,0,0,577
2023-05-26,98.5,984,70.4,98.31,0,0,702
2023-05-27,102.02,1125,68.92,106.93,0,0,893
2023-05-28,95.64,1058,68.23,94.89,0,0,850
2023-05-29,99.39,919,70.49,101.28,0,0,1365
2023-05-30,93.85,1099,68.52,94.42,0,0,1291
2023-05-31,87.76,1037,69.04,85.25,0,0,1646
2023-06-01,101.57,1337,68.25,101.66,1,0,309
2023-06-02,103.81,980,71.46,107.84,0,0,699
2023-06-03,103.83,1106,71.47,105.47,0,0,583
2023-06-04,93.5,1476,71.53,94.69,1,0,457
2023-06-05,104.47,1013,68.64,105.31,0,0,467
2023-06-06,98.26,964,70.24,97.07,0,0,757
2023-06-07,95.31,1020,70.17,95.12,0,0,814
2023-06-08,101.23,1027,68.27,102.05,0,0,608
2023-06-09,95.1,1027,70.48,93.98,0,0,413
2023-06-10,99.08,979,71.08,95.01,0,0,272
2023-06-11,84.61,1274,70.11,83.52,0,0,-119
2023-06-12,91.04,1098,71.8,92.78,0,0,-334
2023-06-13,104.43,983,69.59,106.23,0,0,6
2023-06-14,91.86,1186,70.17,96.99,0,0,-182
2023-06-15,82.63,1215,70.5,83.02,0,0,-392
2023-06-16,111.47,956,68.99,114.47,0,0,-48
2023-06-17,93.03,1161,69.08,91.76,0,0,-136
2023-06-18,93.44,1230,71.9,96.68,0,0,124
2023-06-19,103.28,890,68.42,103.27,0,0,275
2023-06-20,101.46,950,68.35,97.38,0,0,318
2023-06-21,94.88,1020,71.91,96.14,0,0,525
2023-06-22,101.93,958,70.83,100.33,0,0,736
2023-06-23,95.47,1095,71.74,95.76,0,0,823
2023-06-24,109.22,1011,69.81,109.62,0,0,623
2023-06-25,101.43,1046,68.99,99.37,0,0,683
2023-06-26,90.82,1030,70.17,93.22,0,0,659
2023-06-27,96.68,1052,69.03,98.86,0,0,810
2023-06-28,109.69,1073,71.07,111.2,0,0,786
2023-06-29,102.89,1255,70.9,105.05,1,0,701
2023-06-30,93.78,1056,69.54,91.05,0,0,544
2023-07-01,94.98,1316,71.64,93.88,1,0,580
2023-07-02,103.81,992,69.78,103.07,0,0,415
2023-07-03,102.23,1008,69.03,99.64,0,0,507
2023-07-04,94.63,1110,71.53,93.11,0,0,557
2023-07-05,95.87,990,69.72,97.17,0,0,650
2023-07-06,97.75,1033,71.38,101.9,0,0,750
2023-07-07,102.66,1011,68.23,104.12,0,0,736
2023-07-08,101.34,956,70.75,99.55,0,0,1006
2023-07-09,103.52,1077,69.96,101.78,0,0,1064
2023-07-10,100.45,1003,68.65,100.69,0,0,1355
2023-07-11,95.84,1363,68.71,97.58,1,0,905
2023-07-12,104.68,963,71.46,103.65,0,0,1395
2023-07-13,100.99,1172,69.58,99.45,0,1,1597
2023-07-14,99.55,1063,71.48,100.21,0,0,534
2023-07-15,102.49,1023,69.62,104.87,0,0,589
2023-07-16,109.03,953,68.48,108.51,0,0,578
2023-07-17,89.92,935,70.78,87.94,0,0,544
2023-07-18,101.19,1008,70.67,99.79,0,0,785
2023-07-19,97.73,906,69.92,94.95,0,0,721
2023-07-20,104.76,1285,70.87,105.91,1,0,286
2023-07-21,101.97,981,68.24,101.59,0,0,477
2023-07-22,93.08,1189,71.21,90.87,0,0,676
2023-07-23,105.41,1031,69.65,105.14,0,0,603
2023-07-24,95.79,1139,70.27,96.43,0,0,648
2023-07-25,99.47,977,69.49,97.47,0,0,747
2023-07-26,98.01,981,68.85,98.81,0,0,858
2023-07-27,95.15,1094,69.21,96.54,0,0,1239
2023-07-28,98.29,1105,68.61,96.03,0,0,1595
2023-07-29,86.75,1330,68.09,89.2,0,0,1654
2023-07-30,96.17,1152,68.57,96.5,0,0,502
2023-07-31,113.28,897,69.78,115.37,0,0,692
2023-08-01,97.35,936,68.34,96.94,0,0,980
2023-08-02,95.02,1060,70.47,97.5,0,0,879
2023-08-03,107.22,1030,70.6,107.44,0,0,820
2023-08-04,91.53,1123,70.65,94.88,0,0,938
2023-08-05,93.07,1131,70.14,94.33,0,0,1254
2023-08-06,108.65,1244,71.18,106.47,1,0,1173
2023-08-07,105.41,942,68.37,103.1,0,0,1490
2023-08-08,107.01,875,71.13,104.87,0,0,615
2023-08-09,100.61,1045,69.22,102.03,0,0,788
2023-08-10,117.45,970,71.15,120.83,0,0,1178
2023-08-11,100.57,993,69.52,100.37,0,0,1510
2023-08-12,104.2,995,68.32,101.82,0,0,515
2023-08-13,100.35,1149,71.29,100.69,0,0,275
2023-08-14,105.72,1211,71.59,104.69,1,0,516
2023-08-15,95.73,1029,68.1,95.36,0,0,894
2023-08-16,100.38,1003,70.38,101.83,0,0,820
2023-08-17,93.23,1094,68.25,94.06,0,0,982
2023-08-18,97.64,1031,69.72,96.22,0,0,1359
2023-08-19,101.12,1130,71.26,101.13,0,0,1259
2023-08-20,116.02,1010,70.9,115.15,0,0,1203
2023-08-21,108.45,878,70.93,107.82,0,0,325
2023-08-22,81.86,1133,68.08,83.59,0,0,56
2023-08-23,106.55,914,70.52,105.56,0,0,438
2023-08-24,96.95,1047,70.19,99.34,0,0,736
2023-08-25,108.18,973,69.9,106.45,0,0,959
2023-08-26,98.53,1355,68.53,99.11,1,0,963
2023-08-27,104.75,1399,68.15,103.77,1,0,563
2023-08-28,108.5,948,68.91,108.25,0,0,863
2023-08-29,95.77,997,68.15,95.62,0,0,682
2023-08-30,100.66,1028,71.83,99.06,0,0,852
2023-08-31,92.46,987,70.2,88.9,0,0,1032
2023-09-01,98.99,999,71.87,100.98,0,0,1393
2023-09-02,93.97,1351,68.28,92.21,1,0,1517
2023-09-03,104.81,1124,69.17,104.92,0,0,393
2023-09-04,103.77,969,68.51,105.92,0,0,347
2023-09-05,91.03,1250,69.55,90.01,1,0,331
2023-09-06,102.15,1055,69.14,103.78,0,0,736
2023-09-07,94.3,1163,71.91,95.04,0,0,628
2023-09-08,102.28,1031,71.75,102.34,0,0,679
2023-09-09,95.44,1084,71.86,93.05,0,0,815
2023-09-10,101.69,1157,69.19,106.89,0,0,585
2023-09-11,106.3,919,69.74,106.71,0,0,980
2023-09-12,109.02,846,68.82,108.17,0,0,1045
2023-09-13,103.11,947,71.14,102.84,0,0,1106
2023-09-14,105.42,933,71.03,107.66,0,0,1595
2023-09-15,100.04,1047,69.79,101.22,0,0,548
2023-09-16,111.77,923,68.01,110.27,0,0,950
2023-09-17,117.91,916,70.89,117.47,0,0,1369
2023-09-18,107.17,1025,69.08,108.36,0,0,344
2023-09-19,95.46,1146,70.83,95.64,0,0,180
2023-09-20,93.86,1122,69.49,95.42,0,0,-25
2023-09-21,106.18,926,70.57,109.9,0,0,407
2023-09-22,97.39,977,70.29,99.57,0,0,848
2023-09-23,91.78,1160,68.1,90.72,0,0,913
2023-09-24,97.12,1221,69.51,98.18,0,0,847
2023-09-25,99.28,1016,68.53,99.69,0,0,943
2023-09-26,96.75,1185,69.6,96.06,1,0,827
2023-09-27,93.32,1041,69.0,95.15,0,0,1141
2023-09-28,101.22,897,68.19,100.88,0,0,1562
2023-09-29,92.33,1044,68.35,93.9,0,0,518
2023-09-30,98.19,1152,71.31,100.04,0,0,746
2023-10-01,99.97,1291,70.62,100.56,0,1,638
2023-10-02,94.24,1188,70.74,93.91,0,1,292
2023-10-03,90.22,1211,68.27,90.98,0,0,457
2023-10-04,92.33,1023,70.66,91.89,0,0,912
2023-10-05,107.83,930,70.18,107.87,0,0,1024
2023-10-06,95.6,1073,69.03,96.8,0,0,1126
2023-10-07,111.37,974,68.51,109.42,0,0,1631
2023-10-08,106.18,1086,70.15,106.02,0,0,545
2023-10-09,103.54,929,69.52,103.77,0,0,579
2023-10-10,93.4,880,70.57,91.15,0,0,952
2023-10-11,107.44,1185,71.17,109.11,1,0,606
2023-10-12,117.81,859,68.13,118.18,0,0,912
2023-10-13,106.61,987,68.33,106.99,0,0,1299
2023-10-14,92.6,1357,70.9,92.52,0,1,872
2023-10-15,94.59,1223,70.11,95.75,0,0,924
2023-10-16,101.9,1081,70.16,102.51,0,0,1099
2023-10-17,99.17,1036,69.43,101.76,0,0,1139
2023-10-18,95.81,1004,71.62,99.09,0,0,1596
2023-10-19,114.1,931,70.95,114.96,0,0,665
2023-10-20,96.58,1083,69.26,97.17,0,0,382
2023-10-21,92.95,1096,71.35,94.69,0,0,228
2023-10-22,107.2,1056,71.75,104.57,0,0,181
2023-10-23,107.77,858,70.6,107.01,0,0,623
2023-10-24,84.79,1143,71.91,86.48,0,0,362
2023-10-25,102.95,1260,71.89,104.03,0,1,-36
2023-10-26,114.29,895,70.13,116.17,0,0,544
2023-10-27,98.03,971,68.39,94.26,0,0,706
2023-10-28,106.65,1092,71.57,110.07,0,0,1083
2023-10-29,95.45,1155,69.72,97.15,0,0,1031
2023-10-30,102.43,1059,68.46,104.76,0,0,1251
2023-10-31,103.51,975,70.29,98.1,0,0,1634
2023-11-01,97.28,1062,68.66,95.51,0,0,572
2023-11-02,98.1,1004,70.56,96.48,0,0,946
2023-11-03,102.97,974,70.4,103.26,0,0,1436
2023-11-04,101.36,1343,68.01,101.57,1,0,1254
2023-11-05,90.16,1160,70.44,89.99,0,0,1195
2023-11-06,100.05,1044,68.2,100.65,0,0,1268
2023-11-07,96.44,1004,69.11,96.21,0,0,1634
2023-11-08,109.31,1135,70.03,109.27,0,1,499
2023-11-09,97.21,1005,69.58,95.9,0,0,561
2023-11-10,103.56,1190,70.7,105.66,1,0,323
2023-11-11,96.62,1102,69.03,96.91,0,0,693
2023-11-12,102.4,1049,69.82,100.62,0,0,775
2023-11-13,98.43,1040,71.77,97.13,0,0,800
2023-11-14,87.86,1047,70.01,87.26,0,0,1157
2023-11-15,100.41,961,68.57,98.92,0,0,1352
2023-11-16,86.83,1111,68.49,82.91,0,0,1317
2023-11-17,95.48,1053,70.69,99.03,0,0,1514
2023-11-18,110.03,1047,69.8,113.02,0,0,467
2023-11-19,99.45,1069,70.1,98.76,0,0,390
2023-11-20,100.91,914,71.79,101.37,0,0,754
2023-11-21,103.05,1019,68.41,105.7,0,0,1020
2023-11-22,108.11,926,69.82,106.49,0,0,1336
2023-11-23,92.2,998,68.4,92.4,0,0,338
2023-11-24,89.84,987,69.25,89.76,0,0,699
2023-11-25,99.35,1112,71.55,99.81,0,0,495
2023-11-26,103.13,1023,71.88,108.4,0,0,614
2023-11-27,87.39,1001,69.04,86.3,0,0,712
2023-11-28,93.94,1231,71.32,91.46,0,1,391
2023-11-29,96.35,1117,71.13,97.48,0,0,238
2023-11-30,95.56,1062,70.92,95.73,0,0,39
2023-12-01,111.65,949,69.41,114.77,0,0,406
2023-12-02,111.4,1240,71.18,112.64,1,0,112
2023-12-03,93.63,1410,71.02,93.69,0,0,-283
2023-12-04,91.29,1112,69.76,92.77,0,0,-514
2023-12-05,114.77,812,70.37,112.43,0,0,48
2023-12-06,94.44,918,71.53,95.63,0,0,43
2023-12-07,113.7,822,70.89,113.22,0,0,214
2023-12-08,90.34,1446,69.33,90.76,0,1,-63
2023-12-09,106.67,1080,69.18,107.7,0,0,205
2023-12-10,105.01,1115,68.02,105.37,0,0,424
2023-12-11,94.26,974,69.63,94.21,0,0,437
2023-12-12,97.84,1003,70.31,96.41,0,0,591
2023-12-13,88.75,1049,68.93,87.22,0,0,368
2023-12-14,104.91,1003,68.09,107.21,0,0,697
2023-12-15,97.15,985,71.04,94.38,0,0,995
2023-12-16,107.63,1019,70.5,108.05,0,0,828
2023-12-17,101.66,1137,70.08,104.4,0,0,780
2023-12-18,87.62,1074,68.54,86.57,0,0,746
2023-12-19,95.62,1110,69.1,95.65,0,0,592
2023-12-20,93.93,1025,71.72,93.59,0,0,818
2023-12-21,101.84,1264,69.74,102.23,1,0,985
2023-12-22,113.87,836,70.7,113.04,0,0,1484
2023-12-23,92.61,1170,68.42,94.73,0,0,314
2023-12-24,96.85,1115,71.83,91.18,0,0,225
2023-12-25,96.44,978,71.07,96.14,0,0,375
2023-12-26,103.38,1068,71.48,105.06,0,0,268
2023-12-27,104.71,1128,68.5,104.38,0,1,377
2023-12-28,97.62,1077,70.32,99.62,0,0,152
2023-12-29,92.42,1046,71.64,94.0,0,0,87
2023-12-30,108.37,1057,69.07,109.6,0,0,-52
2023-12-31,105.01,1368,70.09,106.45,1,0,-487
2024-01-01,101.35,898,69.74,98.94,0,0,52
2024-01-02,112.4,952,70.65,116.08,0,0,124
2024-01-03,113.61,836,70.42,111.74,0,0,576
2024-01-04,101.05,1029,69.89,102.32,0,0,977
2024-01-05,100.18,1300,71.14,100.22,1,0,709
2024-01-06,104.64,951,70.48,102.91,0,0,1018
2024-01-07,93.42,1234,71.24,90.82,0,0,632
2024-01-08,98.94,1097,70.9,99.77,0,0,339
2024-01-09,107.8,877,69.99,104.42,0,0,383
2024-01-10,96.29,943,69.1,96.74,0,0,242
2024-01-11,110.73,875,68.66,107.88,0,0,497
2024-01-12,103.14,1155,68.97,103.88,1,0,742
2024-01-13,103.24,991,71.68,102.23,0,0,1170
2024-01-14,102.98,1072,71.03,103.02,0,0,1324
2024-01-15,105.82,923,70.67,106.28,0,0,401
2024-01-16,104.33,978,68.91,103.92,0,0,678
2024-01-17,96.84,954,71.23,95.15,0,0,696
2024-01-18,97.49,1384,69.59,96.19,1,1,740
2024-01-19,88.78,1022,68.13,88.61,0,0,1202
2024-01-20,102.85,1024,69.43,99.69,0,0,1018
2024-01-21,93.32,1480,68.16,92.51,1,0,988
2024-01-22,86.47,1192,69.31,89.85,0,0,749
2024-01-23,98.93,1018,71.57,101.75,0,0,1158
2024-01-24,95.41,936,69.18,93.82,0,0,1292
2024-01-25,109.7,891,71.52,107.89,0,0,401
2024-01-26,106.3,949,69.41,107.79,0,0,879
2024-01-27,99.66,1167,69.7,101.04,0,1,902
2024-01-28,106.96,1068,68.21,106.63,0,0,802
2024-01-29,109.36,867,71.39,105.91,0,0,1145
2024-01-30,95.68,1299,69.35,94.93,1,0,955
2024-01-31,94.74,1022,70.36,93.54,0,0,1175
2024-02-01,100.93,986,69.08,97.43,0,0,1099
2024-02-02,98.98,990,70.86,98.21,0,0,989
2024-02-03,107.57,1350,69.85,109.56,1,0,1031
2024-02-04,102.95,1064,68.12,104.23,0,0,1327
2024-02-05,103.2,1026,71.79,106.55,0,0,301
2024-02-06,96.26,995,70.94,95.67,0,0,375
2024-02-07,100.38,936,70.82,106.23,0,0,574
2024-02-08,95.42,1040,71.45,96.4,0,0,888
2024-02-09,92.18,1066,71.49,90.16,0,0,1072
2024-02-10,90.44,1204,71.4,90.49,0,0,780
2024-02-11,99.62,1145,68.77,99.14,0,0,503
2024-02-12,98.7,1026,68.27,97.29,0,0,473
2024-02-13,101.15,993,71.14,101.07,0,0,756
2024-02-14,104.63,1067,68.41,102.7,0,1,706
2024-02-15,102.83,1062,68.41,102.75,0,1,911
2024-02-16,101.68,877,69.69,99.46,0,0,1178
2024-02-17,105.2,1003,70.2,107.93,0,0,1469
2024-02-18,102.41,1051,71.81,101.32,0,0,418
2024-02-19,90.9,1463,68.06,92.56,1,0,314
2024-02-20,107.1,923,70.33,103.8,0,0,785
2024-02-21,98.5,1030,70.35,99.05,0,0,622
2024-02-22,99.7,1036,71.75,101.1,0,0,431
2024-02-23,103.95,899,71.91,101.91,0,0,838
2024-02-24,99.01,1138,68.34,99.71,0,0,747
2024-02-25,101.85,1127,70.68,98.8,0,0,530
2024-02-26,103.59,901,70.95,102.19,0,0,489
2024-02-27,90.15,1087,70.39,89.41,0,0,840
2024-02-28,97.67,1088,71.29,97.82,0,0,1154
2024-02-29,94.66,1227,69.48,94.74,1,0,1420
2024-03-01,101.99,1002,71.44,103.99,0,0,418
2024-03-02,120.0,946,68.58,119.89,0,0,969
2024-03-03,100.0,1043,68.09,100.05,0,0,932
2024-03-04,106.85,919,68.05,104.84,0,0,833
2024-03-05,92.97,1118,70.99,94.59,0,0,643
2024-03-06,92.4,1083,70.06,90.75,0,0,512
2024-03-07,96.73,1027,71.31,97.96,0,0,461
2024-03-08,104.95,998,71.51,104.97,0,0,924
2024-03-09,120.0,945,70.09,120.57,0,0,1192
2024-03-10,114.4,911,68.64,112.14,0,0,1125
2024-03-11,105.21,1073,68.66,105.43,0,0,1489
2024-03-12,95.03,937,68.42,92.51,0,0,552
2024-03-13,104.2,911,68.23,101.44,0,0,1024
2024-03-14,99.73,1109,71.02,100.17,0,0,1068
2024-03-15,96.38,1109,69.65,97.04,0,0,1191
2024-03-16,105.3,1272,69.76,105.28,1,0,1169
2024-03-17,97.03,1127,68.82,91.66,0,0,1378
2024-03-18,93.65,1101,71.54,97.07,0,0,1149
2024-03-19,104.04,1016,70.14,104.78,0,0,1562
2024-03-20,98.33,1002,68.73,101.19,0,0,560
2024-03-21,99.56,1019,69.55,99.01,0,0,456
2024-03-22,95.75,1008,69.5,96.17,0,0,941
2024-03-23,95.18,1202,70.92,98.27,0,0,660
2024-03-24,104.07,1127,69.52,103.66,0,0,814
2024-03-25,90.28,1050,71.09,88.81,0,0,931
2024-03-26,105.26,1056,70.07,106.51,0,0,1257
2024-03-27,104.89,857,70.65,102.59,0,0,400
2024-03-28,91.17,1059,71.1,95.15,0,0,585
2024-03-29,107.43,883,70.87,105.73,0,0,887
2024-03-30,105.95,952,70.03,105.64,0,0,1392
2024-03-31,110.63,941,71.83,113.73,0,0,451
2024-04-01,94.31,1125,70.11,95.78,0,0,711
2024-04-02,91.0,1139,70.65,92.1,0,0,711
2024-04-03,105.18,960,68.6,106.81,0,0,1158
2024-04-04,89.05,1059,68.97,87.97,0,0,954
2024-04-05,100.48,978,70.94,97.62,0,0,957
2024-04-06,97.32,1195,70.83,98.52,0,0,912
2024-04-07,99.32,1111,68.52,98.31,0,0,1108
2024-04-08,110.02,1010,70.62,111.26,0,0,1104
2024-04-09,98.57,1007,71.75,98.58,0,0,1437
2024-04-10,98.82,1014,71.03,102.36,0,0,423
2024-04-11,104.93,1020,71.72,105.25,0,0,216
2024-04-12,106.2,954,68.21,110.11,0,0,532
2024-04-13,101.41,1326,68.22,102.71,0,1,69
2024-04-14,94.76,1110,71.24,92.09,0,0,-149
2024-04-15,98.75,1001,69.82,96.21,0,0,-338
2024-04-16,100.94,1236,68.61,97.63,1,0,-625
2024-04-17,97.34,1368,68.92,97.7,1,0,-675
2024-04-18,92.45,1065,70.01,94.88,0,0,-762
2024-04-19,102.02,987,69.86,102.17,0,0,-319
2024-04-20,98.62,1142,69.58,100.08,0,0,-564
2024-04-21,98.76,1004,69.07,95.66,0,0,-409
2024-04-22,96.76,1024,68.83,94.25,0,0,-94
2024-04-23,109.58,877,68.25,107.3,0,0,211
2024-04-24,93.51,1006,71.95,92.53,0,0,306
2024-04-25,97.48,976,70.32,98.08,0,0,575
2024-04-26,105.47,983,71.5,106.1,0,0,572
2024-04-27,91.7,1144,70.9,87.06,0,0,498
2024-04-28,102.58,1071,68.18,102.93,0,0,444
2024-04-29,99.66,952,70.97,96.85,0,0,518
2024-04-30,107.25,936,71.2,108.0,0,0,869
2024-05-01,101.83,970,70.32,99.32,0,0,1370
2024-05-02,89.38,1105,69.12,89.85,0,0,1470
2024-05-03,109.67,936,70.24,113.42,0,0,534
2024-05-04,105.17,1308,70.92,101.47,1,0,312
2024-05-05,102.86,1077,69.0,102.24,0,0,310
2024-05-06,102.63,908,69.51,101.1,0,0,259
2024-05-07,100.99,1066,71.7,102.14,0,0,503
2024-05-08,110.63,925,70.39,112.97,0,0,1038
2024-05-09,100.92,942,68.91,100.11,0,0,1279
2024-05-10,102.2,1035,68.14,98.03,0,0,1141
2024-05-11,95.47,1133,69.86,93.22,0,0,849
2024-05-12,110.89,1010,69.57,109.82,0,0,1062
2024-05-13,98.77,1120,68.26,100.11,0,0,968
2024-05-14,100.96,903,69.67,98.97,0,0,1532
2024-05-15,111.9,939,68.77,114.06,0,0,593
2024-05-16,117.73,859,69.4,117.23,0,0,638
2024-05-17,94.31,1057,71.18,90.44,0,0,590
2024-05-18,96.82,1428,71.97,97.48,1,0,453
2024-05-19,96.52,1164,70.84,95.24,0,0,667
2024-05-20,99.26,1017,68.99,103.41,0,0,459
2024-05-21,96.11,1319,68.46,94.37,1,0,495
2024-05-22,99.2,1024,69.64,101.06,0,0,357
2024-05-23,95.6,1055,69.76,94.96,0,0,729
2024-05-24,102.04,1100,68.48,102.5,0,0,678
2024-05-25,102.91,1002,70.53,101.62,0,0,839
2024-05-26,99.08,1174,70.93,100.17,0,0,1127
2024-05-27,94.81,1396,70.24,98.13,1,0,767
2024-05-28,94.99,996,68.3,93.53,0,0,1141
2024-05-29,110.61,860,68.13,111.81,0,0,1525
2024-05-30,104.08,979,68.98,106.82,0,0,546
2024-05-31,95.98,947,68.46,95.14,0,0,888
2024-06-01,101.55,1122,69.44,102.41,0,0,573
2024-06-02,91.71,1151,71.34,92.1,0,0,293
2024-06-03,101.87,1011,71.23,101.05,0,0,756
2024-06-04,99.01,1269,70.41,97.49,1,0,432
2024-06-05,91.31,998,69.33,89.87,0,0,652
2024-06-06,98.48,1003,70.2,97.22,0,0,593
2024-06-07,108.38,929,71.6,108.25,0,0,591
2024-06-08,96.11,1078,69.58,96.52,0,0,549
2024-06-09,97.95,1337,70.84,97.38,1,0,498
2024-06-10,102.47,1113,71.74,101.96,1,0,642
2024-06-11,111.92,785,69.26,109.59,0,0,1006
2024-06-12,108.4,992,69.73,108.68,0,0,1237
2024-06-13,96.69,1042,70.19,97.69,0,0,1441
2024-06-14,110.55,882,69.38,109.17,0,0,559
2024-06-15,104.06,1058,71.13,104.21,0,0,413
2024-06-16,93.26,1194,68.26,92.01,0,0,299
2024-06-17,99.96,912,68.64,99.36,0,0,680
2024-06-18,94.12,991,68.07,93.67,0,0,1011
2024-06-19,95.71,1017,71.32,95.47,0,0,1051
2024-06-20,99.02,1019,68.2,100.5,0,0,1487
2024-06-21,99.43,1023,68.05,98.08,0,0,464
2024-06-22,102.41,1052,70.18,102.26,0,0,786
2024-06-23,98.13,1155,68.2,100.55,0,0,806
2024-06-24,97.4,919,68.36,96.97,0,0,1349
2024-06-25,106.0,906,68.84,100.19,0,0,443
2024-06-26,91.34,1092,70.29,91.56,0,0,314
2024-06-27,98.81,975,69.63,98.65,0,0,609
2024-06-28,95.64,1027,71.9,97.13,0,0,931
2024-06-29,97.43,1165,68.96,99.38,0,0,1082
2024-06-30,103.37,1104,69.44,101.98,0,0,966
2024-07-01,112.81,781,70.55,109.44,0,0,1128
2024-07-02,99.15,1048,69.72,99.22,0,0,1185
2024-07-03,94.09,851,69.01,92.36,0,0,334
2024-07-04,104.63,966,70.41,105.91,0,0,498
2024-07-05,98.1,984,71.39,100.47,0,0,969
2024-07-06,92.96,1171,68.07,92.27,0,0,971
2024-07-07,91.12,1256,68.87,93.27,0,0,676
2024-07-08,102.57,1007,69.65,100.1,0,0,1156
2024-07-09,103.35,1034,68.11,101.21,0,0,1307
2024-07-10,101.53,1018,68.2,101.68,0,0,1710
2024-07-11,120.0,1072,68.36,116.66,1,0,638
2024-07-12,103.09,951,69.17,101.62,0,0,650
2024-07-13,101.07,1065,70.46,97.99,0,0,836
2024-07-14,94.38,1131,69.77,93.63,0,0,613
2024-07-15,80.0,1177,71.58,77.3,0,0,480
2024-07-16,93.59,1116,69.02,96.3,0,0,489
2024-07-17,119.36,1029,71.25,122.48,1,0,331
2024-07-18,98.02,1266,68.39,96.78,0,1,392
2024-07-19,82.59,1193,71.98,85.14,0,0,324
2024-07-20,111.61,1019,69.46,113.18,0,0,380
2024-07-21,93.05,1284,71.01,93.05,0,0,548
2024-07-22,107.87,929,69.23,109.33,0,0,618
2024-07-23,94.95,960,71.85,94.84,0,0,477
2024-07-24,107.13,968,71.9,108.06,0,0,831
2024-07-25,98.85,1038,68.17,102.79,0,0,812
2024-07-26,111.13,966,69.46,112.28,0,0,1297
2024-07-27,93.56,1093,69.43,92.81,0,0,1119
2024-07-28,93.25,1229,71.03,96.51,0,0,1056
2024-07-29,93.15,1092,69.38,92.87,0,0,1310
2024-07-30,85.55,985,69.6,84.18,0,0,325
2024-07-31,90.51,1065,70.64,94.5,0,0,549
2024-08-01,95.45,1014,68.79,96.27,0,0,1007
2024-08-02,100.45,949,68.51,98.21,0,0,1117
2024-08-03,115.16,987,71.49,117.54,0,0,1564
2024-08-04,109.74,1016,70.71,107.56,0,0,548
2024-08-05,107.43,953,69.49,107.77,0,0,883
2024-08-06,86.17,1033,71.31,86.08,0,0,1179
2024-08-07,93.24,1167,70.71,92.02,0,1,855
2024-08-08,88.67,981,68.16,89.54,0,0,706
2024-08-09,102.79,857,70.47,101.81,0,0,1340
2024-08-10,106.09,929,68.1,105.74,0,0,411
2024-08-11,97.02,1136,69.76,97.96,0,0,524
2024-08-12,100.04,1059,71.3,102.52,0,0,408
2024-08-13,99.22,1062,69.66,99.46,0,0,198
2024-08-14,103.94,941,70.09,105.33,0,0,443
2024-08-15,96.38,852,69.55,95.28,0,0,910
2024-08-16,114.37,858,71.36,114.41,0,0,867
2024-08-17,107.09,1323,70.23,107.44,1,0,771
2024-08-18,90.64,1155,68.18,89.73,0,0,1081
2024-08-19,105.49,1033,68.66,107.72,0,0,1166
2024-08-20,91.57,1127,70.68,89.34,0,0,1306
2024-08-21,97.54,1078,71.95,97.66,0,0,1514
2024-08-22,100.4,957,69.57,99.75,0,0,557
2024-08-23,103.58,1195,69.9,107.45,1,0,308
2024-08-24,90.81,1173,71.97,91.82,0,0,167
2024-08-25,109.56,1033,70.45,111.05,0,0,632
2024-08-26,105.78,927,69.49,104.26,0,0,1115
2024-08-27,98.25,936,70.19,96.11,0,0,1536
2024-08-28,111.4,1012,68.04,112.42,0,0,524
2024-08-29,87.72,1100,69.21,85.53,0,0,881
2024-08-30,100.93,903,70.3,100.72,0,0,1243
2024-08-31,98.72,1029,68.17,95.38,0,0,1546
2024-09-01,110.66,1115,70.94,110.14,0,0,431
2024-09-02,112.67,791,70.05,109.72,0,0,989
2024-09-03,99.77,957,68.37,98.41,0,0,1056
2024-09-04,101.63,956,70.2,100.12,0,0,1328
2024-09-05,100.35,977,69.98,100.81,0,0,351
2024-09-06,103.09,985,69.18,105.53,0,0,604
2024-09-07,97.18,1060,69.54,101.2,0,0,391
2024-09-08,103.92,969,71.09,102.3,0,0,389
2024-09-09,110.36,934,70.68,110.15,0,0,859
2024-09-10,93.19,1071,71.52,95.2,0,0,1198
2024-09-11,103.16,1119,71.61,99.53,1,0,1077
2024-09-12,94.35,1256,68.84,90.96,1,0,799
2024-09-13,102.77,940,71.55,102.43,0,0,1151
2024-09-14,108.36,1002,70.3,110.15,0,0,1140
2024-09-15,87.54,1271,70.54,89.18,0,0,683
2024-09-16,102.95,930,71.38,103.48,0,0,696
2024-09-17,91.9,1009,69.94,91.32,0,0,1040
2024-09-18,105.46,964,71.49,105.63,0,0,1314
2024-09-19,106.18,1087,70.0,106.5,0,0,1101
2024-09-20,99.1,1030,70.65,99.78,0,0,929
2024-09-21,102.37,1101,71.21,102.44,0,0,662
2024-09-22,99.55,1137,68.21,99.7,0,0,877
2024-09-23,107.35,1038,71.28,109.54,0,0,1337
2024-09-24,93.98,1145,71.31,98.57,0,0,1406
2024-09-25,107.4,893,68.57,105.84,0,0,513
2024-09-26,96.4,1046,69.4,95.98,0,0,627
2024-09-27,110.15,1204,68.53,110.27,1,0,223
2024-09-28,90.99,1179,68.67,91.21,0,0,-143
2024-09-29,93.1,1140,71.93,92.74,0,0,-391
2024-09-30,83.01,1055,71.27,81.27,0,0,-205
2024-10-01,102.82,1034,68.18,103.22,0,0,-115
2024-10-02,107.8,941,69.91,103.91,0,0,21
2024-10-03,120.0,904,71.29,121.66,0,0,13
2024-10-04,92.75,1037,68.97,94.96,0,0,214
2024-10-05,105.43,979,68.14,105.22,0,0,263
2024-10-06,106.72,1094,71.51,107.86,0,0,39
2024-10-07,96.5,1216,69.93,97.0,1,0,-15
2024-10-08,101.79,962,71.44,98.36,0,0,-95
2024-10-09,92.19,1159,69.71,90.39,1,0,44
2024-10-10,94.94,957,71.81,94.32,0,0,93
2024-10-11,91.79,1049,71.13,92.42,0,0,-43
2024-10-12,103.4,1049,70.18,102.46,0,0,199
2024-10-13,97.11,1107,69.76,94.15,0,0,62
2024-10-14,100.37,1010,70.01,100.86,0,0,459
2024-10-15,111.06,844,70.76,110.04,0,0,754
2024-10-16,94.45,1039,69.61,95.13,0,0,541
2024-10-17,94.23,1070,69.41,95.34,0,0,879
2024-10-18,116.66,957,69.91,116.98,0,0,1330
2024-10-19,109.69,1051,71.75,112.05,0,0,1348
2024-10-20,103.78,1031,70.48,104.21,0,0,317
2024-10-21,102.21,1023,69.7,102.35,0,0,646
2024-10-22,111.24,830,70.85,111.56,0,0,729
2024-10-23,96.37,1001,71.53,98.96,0,0,601
2024-10-24,94.12,1090,68.35,96.83,0,0,539
2024-10-25,89.98,1017,71.4,87.11,0,0,594
2024-10-26,104.64,939,70.19,103.03,0,0,950
2024-10-27,101.1,1100,69.21,98.52,0,0,781
2024-10-28,106.65,1011,68.2,107.14,0,0,1107
2024-10-29,94.17,1073,69.7,94.76,0,0,1283
2024-10-30,100.74,1068,69.2,102.39,0,0,1680
2024-10-31,104.6,1027,69.45,107.39,0,0,653
2024-11-01,96.11,963,69.61,95.85,0,0,637
2024-11-02,109.04,1116,68.75,109.63,0,0,858
2024-11-03,99.47,1158,68.42,98.87,0,0,1060
2024-11-04,103.18,1015,71.59,106.89,0,0,1126
2024-11-05,80.74,1125,68.22,81.59,0,0,1104
2024-11-06,88.91,1081,70.2,89.86,0,0,1144
2024-11-07,98.24,1219,69.24,100.43,1,0,742
2024-11-08,99.92,1094,69.31,100.68,0,0,1007
2024-11-09,90.53,1127,71.41,91.3,0,0,1066
2024-11-10,106.47,1194,68.66,107.1,0,0,1200
2024-11-11,111.67,893,71.35,111.91,0,0,307
2024-11-12,107.58,939,69.06,105.68,0,0,689
2024-11-13,95.74,1004,69.21,96.47,0,0,590
2024-11-14,102.43,1055,70.85,102.8,0,0,664
2024-11-15,91.08,1277,70.67,91.84,0,0,837
2024-11-16,92.14,1218,68.55,93.77,0,0,878
2024-11-17,108.16,997,71.0,108.2,0,0,1090
2024-11-18,94.39,986,70.95,94.33,0,0,1281
2024-11-19,100.97,913,68.25,99.96,0,0,368
2024-11-20,96.36,867,69.13,93.3,0,0,652
2024-11-21,105.02,1138,69.51,103.95,1,0,545
2024-11-22,109.25,944,71.34,111.61,0,0,626
2024-11-23,107.0,1097,69.38,107.65,0,0,637
2024-11-24,101.9,1182,68.4,105.1,0,0,529
2024-11-25,95.46,943,68.68,93.81,0,0,567
2024-11-26,101.22,999,69.0,103.08,0,0,955
2024-11-27,101.68,995,70.13,102.48,0,0,910
2024-11-28,106.61,984,70.33,105.61,0,0,1055
2024-11-29,93.17,1034,69.26,95.04,0,0,1175
2024-11-30,111.75,972,69.2,112.89,0,0,1028
2024-12-01,88.65,1177,69.77,88.0,0,0,905
2024-12-02,102.74,951,69.7,102.01,0,0,1110
2024-12-03,82.11,1140,70.54,82.39,0,0,1339
2024-12-04,80.0,1138,69.45,79.77,0,0,1200
2024-12-05,93.96,966,68.97,90.71,0,0,1643
2024-12-06,88.03,1118,71.21,90.14,0,0,525
2024-12-07,95.27,1176,71.02,93.08,0,0,830
2024-12-08,97.39,1055,71.7,95.87,0,0,942
2024-12-09,112.57,917,68.07,114.16,0,0,1023
2024-12-10,97.2,1129,69.03,97.28,0,0,1303
2024-12-11,99.25,1072,69.44,101.55,0,0,1508
2024-12-12,99.38,973,69.54,97.85,0,0,535
2024-12-13,98.25,1045,71.31,98.89,0,0,434
2024-12-14,103.36,1060,69.88,102.49,0,0,641
2024-12-15,98.93,1153,68.91,101.95,0,0,329
2024-12-16,103.44,913,69.32,103.3,0,0,343
2024-12-17,93.19,1060,68.74,95.15,0,0,561
2024-12-18,102.52,985,69.66,102.38,0,0,1028
2024-12-19,102.77,1052,69.73,103.3,0,0,846
2024-12-20,98.21,1318,69.34,99.56,1,0,813
2024-12-21,101.71,992,69.13,99.53,0,0,943
2024-12-22,101.05,1067,70.92,99.93,0,0,859
2024-12-23,105.58,912,71.64,101.86,0,0,1004
2024-12-24,100.17,1344,69.8,102.35,1,0,540
2024-12-25,99.47,933,68.42,99.17,0,0,750
2024-12-26,102.7,941,71.27,102.58,0,0,973
2024-12-27,95.87,910,68.9,97.27,0,0,889
2024-12-28,104.14,1095,70.83,105.85,0,0,1072
2024-12-29,94.15,1185,68.37,97.0,0,0,941
2024-12-30,103.82,1143,70.4,105.43,0,0,1006
2024-12-31,96.19,986,68.48,94.67,0,0,954
2025-01-01,101.7,952,69.26,97.66,0,0,1459
2025-01-02,100.85,1019,70.56,103.88,0,0,440
2025-01-03,83.24,1168,68.03,83.9,0,0,149
2025-01-04,97.67,1309,69.24,100.21,1,0,-92
2025-01-05,99.38,1055,70.18,98.62,0,0,-23
2025-01-06,92.01,996,71.46,92.07,0,0,468
2025-01-07,96.4,967,69.27,96.49,0,0,441
2025-01-08,109.76,893,69.25,107.67,0,0,695
2025-01-09,99.25,1026,70.77,97.72,0,0,910
2025-01-10,101.13,1048,70.13,99.28,0,0,1208
2025-01-11,87.4,1114,69.9,89.12,0,0,1009
2025-01-12,95.42,1197,68.93,95.47,0,0,1052
2025-01-13,90.59,1000,68.21,94.47,0,0,1177
2025-01-14,95.78,1081,71.1,96.42,0,0,1479
2025-01-15,94.23,1121,70.31,93.04,0,0,358
2025-01-16,95.29,1090,69.74,95.74,0,0,149
2025-01-17,94.6,1026,68.88,94.98,0,0,603
2025-01-18,102.92,953,69.74,102.45,0,0,942
2025-01-19,107.5,1001,68.2,106.29,0,0,1211
2025-01-20,103.24,1167,70.29,97.15,1,0,846
2025-01-21,91.31,1453,71.16,94.62,1,0,213
2025-01-22,87.82,1067,68.09,85.72,0,0,236
2025-01-23,107.34,910,70.6,106.26,0,0,617
2025-01-24,108.42,993,71.43,109.11,0,0,918
2025-01-25,98.88,940,71.89,98.18,0,0,1123
2025-01-26,93.06,1224,69.26,94.9,0,0,745
2025-01-27,96.62,885,71.56,93.06,0,0,1337
2025-01-28,119.43,1192,68.55,119.51,1,0,1430
2025-01-29,95.76,1062,68.41,95.33,0,0,368
2025-01-30,101.4,1014,70.33,100.76,0,0,767
2025-01-31,102.08,1027,68.2,104.62,0,0,1050
2025-02-01,88.58,1162,71.35,87.77,0,0,970
2025-02-02,104.65,1067,70.78,106.76,0,0,1128
2025-02-03,102.26,1044,70.47,104.83,0,0,1251
2025-02-04,103.15,930,69.2,103.05,0,0,321
2025-02-05,104.42,935,71.1,103.15,0,0,721
2025-02-06,95.57,1441,68.58,95.58,1,0,322
2025-02-07,95.87,977,70.73,94.95,0,0,627
2025-02-08,86.98,1229,68.66,86.66,0,0,358
2025-02-09,102.05,1104,71.63,100.56,0,0,81
2025-02-10,99.51,971,70.08,97.96,0,0,348
2025-02-11,98.75,924,71.18,96.92,0,0,404
2025-02-12,103.79,929,70.18,103.48,0,0,808
2025-02-13,94.98,996,68.22,93.6,0,0,799
2025-02-14,91.33,1264,70.28,92.33,0,1,433
2025-02-15,96.7,1091,71.55,96.0,0,0,529
2025-02-16,102.24,964,70.52,98.8,0,0,470
2025-02-17,104.82,982,71.81,104.66,0,0,861
2025-02-18,99.49,1078,71.65,102.28,0,0,739
2025-02-19,91.83,1088,69.83,93.93,0,0,552
2025-02-20,101.33,1177,68.07,100.84,0,1,635
2025-02-21,105.97,1132,71.86,103.51,1,0,859
2025-02-22,102.24,985,71.86,101.23,0,0,1316
2025-02-23,95.41,1231,68.37,93.79,0,0,1184
2025-02-24,100.91,976,68.55,101.72,0,0,1359
2025-02-25,108.6,883,69.78,108.58,0,0,476
2025-02-26,92.44,1197,70.55,92.05,0,1,104
2025-02-27,106.75,1003,69.38,107.48,0,0,423
2025-02-28,106.04,911,70.52,103.86,0,0,589
2025-03-01,97.27,1103,69.38,93.82,0,0,560
2025-03-02,93.92,1163,69.63,92.79,0,0,222
2025-03-03,107.13,862,68.8,101.89,0,0,231
2025-03-04,97.06,1077,68.95,99.25,0,0,222
2025-03-05,100.29,980,68.21,99.34,0,0,707
2025-03-06,103.69,908,69.77,102.89,0,0,704
2025-03-07,104.46,1007,69.97,107.69,0,0,646
2025-03-08,98.79,1122,69.85,100.28,0,0,778
2025-03-09,90.76,1148,69.21,90.42,0,0,872
2025-03-10,99.43,950,70.67,100.73,0,0,1093
2025-03-11,98.75,981,71.89,95.06,0,0,1204
2025-03-12,93.38,1146,68.99,95.18,0,0,1512
2025-03-13,89.89,982,68.08,88.92,0,0,530
2025-03-14,91.27,1131,68.03,93.17,0,0,532
2025-03-15,102.18,1033,71.6,100.41,0,0,854
2025-03-16,92.03,1261,69.94,93.01,0,0,550
2025-03-17,101.92,1208,69.51,99.34,1,0,172
2025-03-18,99.67,979,70.01,101.41,0,0,93
2025-03-19,85.77,1239,70.0,89.99,0,0,107
2025-03-20,100.14,1097,69.29,100.44,0,0,369
2025-03-21,94.46,909,70.51,94.53,0,0,420
2025-03-22,100.9,1216,68.53,104.9,0,0,554
2025-03-23,99.11,1187,69.79,99.27,0,0,693
2025-03-24,100.77,996,68.93,98.23,0,0,801
2025-03-25,90.85,1035,68.18,87.19,0,0,644
2025-03-26,92.93,1089,70.02,94.22,0,0,1047
2025-03-27,80.0,1030,69.96,78.36,0,0,833
2025-03-28,93.15,1130,71.67,93.56,0,0,704
2025-03-29,97.63,1171,71.11,98.1,0,0,348
2025-03-30,92.9,1288,70.21,91.4,1,0,147
2025-03-31,98.16,981,71.04,94.97,0,0,68
2025-04-01,97.65,1003,69.35,94.87,0,0,-110
2025-04-02,103.88,968,68.73,105.8,0,0,-6
2025-04-03,93.99,1000,70.08,93.06,0,0,-182
2025-04-04,99.26,1187,68.51,99.18,1,0,-388
2025-04-05,99.62,1150,70.69,100.8,0,0,-343
2025-04-06,112.22,1092,68.8,114.06,0,0,-392
2025-04-07,89.41,1150,69.64,89.78,0,0,-239
2025-04-08,102.25,906,68.38,101.29,0,0,-268
2025-04-09,103.6,1166,70.02,101.54,0,1,-75
2025-04-10,98.07,1042,69.2,98.61,0,0,203
2025-04-11,88.21,1176,68.82,92.07,0,0,338
2025-04-12,92.66,1007,71.54,91.86,0,0,529
2025-04-13,105.5,1283,70.37,104.87,1,0,461
2025-04-14,95.23,1134,68.54,97.17,0,0,173
2025-04-15,104.26,1193,68.01,102.35,1,0,142
2025-04-16,101.41,1150,69.61,100.56,1,0,257
2025-04-17,91.47,1119,71.16,92.89,0,0,37
2025-04-18,104.7,1010,68.61,105.91,0,0,465
2025-04-19,96.89,1138,69.63,95.96,0,0,612
2025-04-20,109.32,1059,71.65,105.6,0,0,592
2025-04-21,97.37,923,69.42,93.69,0,0,758
2025-04-22,111.65,964,71.03,112.26,0,0,1213
2025-04-23,106.17,950,70.23,105.52,0,0,1386
2025-04-24,115.02,906,70.65,116.81,0,0,480
2025-04-25,108.61,876,71.93,108.03,0,0,770
2025-04-26,100.58,1096,70.36,99.12,0,0,709
2025-04-27,97.18,1263,70.16,97.26,0,0,755
2025-04-28,107.41,1192,69.73,107.81,1,0,561
2025-04-29,92.79,1023,70.87,94.81,0,0,615
2025-04-30,97.94,938,69.94,100.85,0,0,1022
2025-05-01,93.34,1080,70.1,92.32,0,0,750
2025-05-02,92.39,1088,70.25,91.27,0,0,1114
2025-05-03,107.13,977,70.18,105.79,0,0,1131
2025-05-04,105.46,1342,68.95,106.23,1,0,948
2025-05-05,88.82,1135,69.66,89.52,0,0,792
2025-05-06,107.34,972,69.67,108.32,0,0,712
2025-05-07,101.99,987,72.0,102.82,0,0,981
2025-05-08,104.67,925,70.69,104.54,0,0,948
2025-05-09,88.8,1189,69.03,89.84,0,0,1240
2025-05-10,91.35,1504,71.74,93.86,1,0,1203
2025-05-11,106.31,1111,70.76,107.89,0,0,953
2025-05-12,93.88,1125,70.26,95.81,0,0,831
2025-05-13,107.5,911,69.11,103.35,0,0,1295
2025-05-14,98.45,979,71.49,99.02,0,0,316
2025-05-15,92.15,1073,70.05,94.03,0,0,730
2025-05-16,105.21,1077,71.05,104.8,0,1,682
2025-05-17,99.62,1088,70.35,100.21,0,0,479
2025-05-18,93.72,1144,69.96,95.42,0,0,448
2025-05-19,110.66,897,68.5,107.19,0,0,1041
2025-05-20,97.2,1030,72.0,96.52,0,0,1052
2025-05-21,89.11,1272,71.99,85.47,1,0,1222
2025-05-22,105.16,929,71.93,103.01,0,0,1604
2025-05-23,104.62,1172,68.22,103.09,1,0,432
2025-05-24,107.2,1313,70.59,108.2,1,0,122
2025-05-25,105.64,1169,68.51,104.68,0,0,14
2025-05-26,97.71,974,69.97,96.61,0,0,-32
2025-05-27,99.01,1031,69.55,100.93,0,0,-30
2025-05-28,95.45,1075,68.32,96.67,0,0,229
2025-05-29,100.68,1061,69.4,103.38,0,0,513
2025-05-30,95.15,986,71.17,93.83,0,0,403
2025-05-31,107.41,971,71.43,106.57,0,0,846
2025-06-01,99.99,1157,68.25,102.2,0,0,1061
2025-06-02,103.2,945,69.07,101.46,0,0,1445
2025-06-03,106.01,1002,69.27,107.68,0,0,443
2025-06-04,87.75,1111,68.01,89.01,0,0,645
2025-06-05,91.96,1025,69.42,92.47,0,0,1098
2025-06-06,87.03,1389,68.02,87.47,1,0,1028
2025-06-07,106.94,1002,71.77,107.3,0,0,916
2025-06-08,112.12,940,70.88,110.15,0,0,1402
2025-06-09,103.05,1012,69.09,104.29,0,0,390
2025-06-10,105.4,985,70.13,101.98,0,0,406
2025-06-11,105.27,938,71.6,104.13,0,0,401
2025-06-12,94.59,1095,70.69,98.72,0,0,156
2025-06-13,101.7,947,70.61,97.86,0,0,559
2025-06-14,95.99,1529,69.75,96.4,1,0,13
2025-06-15,104.74,1084,70.35,104.2,0,0,143
2025-06-16,104.58,893,70.79,104.57,0,0,471
2025-06-17,105.74,956,68.36,106.59,0,0,357
2025-06-18,95.27,987,69.0,93.64,0,0,636
2025-06-19,108.77,872,71.57,107.21,0,0,849
2025-06-20,103.24,1021,69.12,104.99,0,0,938
2025-06-21,102.53,1025,69.01,104.47,0,0,875
2025-06-22,104.89,978,69.24,101.95,0,0,883
2025-06-23,97.43,1005,69.13,100.05,0,0,930
2025-06-24,109.5,870,71.24,110.7,0,0,1252
2025-06-25,107.64,879,71.19,107.06,0,0,373
2025-06-26,91.85,1017,69.99,88.95,0,0,801
2025-06-27,99.1,1070,68.92,97.4,0,0,744
2025-06-28,89.95,1209,69.35,89.59,0,0,838
2025-06-29,101.56,1082,71.78,99.16,0,0,1192
2025-06-30,93.24,1288,70.95,92.9,0,1,1320
2025-07-01,100.34,947,70.35,98.31,0,0,373
2025-07-02,97.04,990,71.66,95.59,0,0,469
2025-07-03,100.3,981,70.24,101.21,0,0,884
2025-07-04,93.0,1046,71.48,90.89,0,0,1063
2025-07-05,92.61,1138,69.7,93.12,0,0,1067
2025-07-06,89.24,1275,71.75,90.06,0,0,1285
2025-07-07,92.26,1494,69.02,93.99,1,0,689
2025-07-08,108.12,1235,70.14,109.28,1,0,568
2025-07-09,101.1,997,71.23,100.26,0,0,757
2025-07-10,100.42,1139,70.84,105.56,1,0,547
2025-07-11,100.2,1190,68.5,98.78,1,0,676
2025-07-12,107.31,908,71.74,104.75,0,0,866
2025-07-13,97.51,1114,69.8,94.91,0,0,1028
2025-07-14,101.05,1009,70.51,101.96,0,0,1163
2025-07-15,86.75,1139,69.57,87.37,0,0,908
2025-07-16,104.15,893,69.35,101.73,0,0,1494
2025-07-17,108.11,1200,68.02,108.34,1,0,1424
2025-07-18,108.6,795,69.84,108.26,0,0,629
2025-07-19,89.8,1172,68.8,88.96,0,0,755
2025-07-20,95.71,1209,69.51,93.24,0,0,1029
2025-07-21,90.55,1219,71.74,94.09,0,0,814
2025-07-22,107.98,872,70.62,105.03,0,0,847
2025-07-23,98.92,1290,68.52,97.2,1,0,738
2025-07-24,94.76,1087,69.24,95.35,0,0,802
2025-07-25,104.54,1084,68.59,103.83,0,1,560
2025-07-26,105.28,952,69.79,106.52,0,0,968
2025-07-27,83.31,1400,71.81,84.8,0,0,566
2025-07-28,91.54,1058,68.45,91.81,0,0,894
2025-07-29,97.19,1081,69.41,94.98,0,0,1170
2025-07-30,100.5,1022,69.3,102.61,0,0,1193
2025-07-31,94.49,1306,68.33,92.92,1,0,735
2025-08-01,101.81,955,71.28,103.26,0,0,662
2025-08-02,91.32,1083,70.13,88.31,0,0,500
2025-08-03,94.53,1252,68.67,97.63,0,0,60
2025-08-04,98.46,974,70.99,97.17,0,0,185
2025-08-05,117.51,819,71.94,115.4,0,0,313
2025-08-06,95.02,1655,71.45,99.25,1,1,-532
2025-08-07,89.16,1078,70.58,92.06,0,0,-530
2025-08-08,108.8,947,69.21,108.4,0,0,-292
2025-08-09,99.35,1157,68.99,99.41,0,0,-498
2025-08-10,86.09,1188,69.55,84.87,0,0,-352
2025-08-11,100.1,988,70.49,100.11,0,0,-195
2025-08-12,94.12,1142,71.06,96.55,0,0,-523
2025-08-13,110.78,895,68.15,110.77,0,0,-268
2025-08-14,107.87,843,71.34,104.38,0,0,-281
2025-08-15,104.81,1366,69.94,105.52,1,0,-299
2025-08-16,98.82,1160,68.77,100.36,0,0,-213
2025-08-17,112.37,1037,71.09,115.37,0,0,222
2025-08-18,98.82,1346,69.3,98.17,1,0,34
2025-08-19,96.81,1095,71.06,98.53,0,0,89
2025-08-20,101.43,1059,70.88,101.21,0,0,265
2025-08-21,92.94,976,70.62,91.35,0,0,747
2025-08-22,80.17,1299,69.26,82.89,0,0,320
2025-08-23,91.45,1137,70.44,89.54,0,0,235
2025-08-24,107.07,1038,69.51,106.98,0,0,372
2025-08-25,99.91,1155,69.82,96.63,1,0,139
2025-08-26,94.91,1206,71.69,96.36,0,0,-169
2025-08-27,100.32,1068,68.45,101.91,0,0,239
2025-08-28,98.96,1009,68.54,99.98,0,0,316
2025-08-29,89.54,1144,69.68,90.33,0,0,215
2025-08-30,100.19,1054,71.89,99.66,0,0,585
2025-08-31,107.91,1016,71.79,107.59,0,0,697
2025-09-01,97.98,1131,68.57,99.67,0,0,530
2025-09-02,105.78,1002,68.19,107.49,0,0,484
2025-09-03,108.61,873,71.72,108.17,0,0,795
2025-09-04,107.58,802,70.68,106.94,0,0,1080
2025-09-05,98.99,1049,69.72,99.08,0,0,1069
2025-09-06,97.66,1192,70.64,97.81,0,0,724
2025-09-07,100.81,1078,71.37,100.7,0,0,1117
2025-09-08,93.17,1127,70.35,93.75,0,0,934
2025-09-09,88.41,1032,71.55,87.39,0,0,879
2025-09-10,105.97,965,68.61,108.98,0,0,1350
2025-09-11,100.55,1054,68.48,101.24,0,0,1571
2025-09-12,90.36,1063,70.81,91.76,0,0,508
2025-09-13,103.16,1064,71.77,102.45,0,0,914
2025-09-14,91.08,1238,68.57,93.66,0,0,806
2025-09-15,97.69,974,69.88,94.29,0,0,1275
2025-09-16,99.26,1002,68.65,97.34,0,0,1135
2025-09-17,97.13,1047,70.16,100.77,0,0,1348
2025-09-18,83.63,1127,70.06,84.26,0,0,1658
2025-09-19,93.38,1040,68.31,93.9,0,0,618
2025-09-20,101.23,1134,69.72,104.9,0,0,363
2025-09-21,99.84,1163,70.89,99.7,0,0,618
2025-09-22,114.4,904,71.25,112.16,0,0,1079
2025-09-23,87.97,1299,68.87,85.56,0,1,669
2025-09-24,91.62,978,69.74,92.11,0,0,661
2025-09-25,93.55,974,68.34,92.42,0,0,1114
2025-09-26,111.01,873,69.88,109.43,0,0,1224
2025-09-27,93.17,1177,68.73,94.57,0,0,1313
2025-09-28,108.56,992,68.91,107.25,0,0,321
2025-09-29,102.52,988,69.36,100.7,0,0,303
2025-09-30,91.12,1089,68.78,90.92,0,0,554
2025-10-01,90.26,1034,69.03,89.3,0,0,463
2025-10-02,105.01,994,70.23,105.2,0,0,941
2025-10-03,100.26,926,69.59,102.44,0,0,1247
2025-10-04,95.28,1082,69.76,90.15,0,0,1545
2025-10-05,93.74,1279,69.09,94.79,0,0,1702
2025-10-06,100.08,1038,70.68,102.58,0,0,664
2025-10-07,104.51,1005,69.66,104.67,0,0,520
2025-10-08,93.72,1099,69.35,96.96,0,0,438
2025-10-09,120.0,919,70.91,120.56,0,0,971
2025-10-10,115.62,787,69.71,114.13,0,0,1400
2025-10-11,103.45,1015,71.16,105.12,0,0,385
2025-10-12,97.01,1183,68.24,97.28,0,0,90
2025-10-13,104.92,1139,70.82,103.86,1,0,171
2025-10-14,114.38,849,69.8,114.45,0,0,593
2025-10-15,100.55,1014,69.4,99.98,0,0,947
2025-10-16,96.67,977,71.28,96.45,0,0,779
2025-10-17,94.94,1349,68.9,91.62,1,0,890
2025-10-18,105.38,1119,70.88,107.76,0,0,778
2025-10-19,101.16,1174,68.3,104.65,0,0,742
2025-10-20,102.14,924,71.24,99.52,0,0,955
2025-10-21,95.28,1091,71.66,97.34,0,0,1088
2025-10-22,102.1,1159,68.84,100.22,1,0,1269
2025-10-23,107.98,855,71.88,106.31,0,0,414
2025-10-24,101.58,1027,70.76,105.94,0,0,215
2025-10-25,99.47,1319,70.41,102.79,0,1,301
2025-10-26,100.82,1303,68.42,101.14,0,1,350
2025-10-27,88.56,1026,68.66,87.71,0,0,381
2025-10-28,92.83,1105,71.12,95.44,0,0,448
2025-10-29,98.05,1046,70.57,102.16,0,0,786
2025-10-30,110.73,939,70.68,110.14,0,0,693
2025-10-31,100.52,1145,70.07,102.57,0,0,579
2025-11-01,104.22,1012,70.96,100.67,0,0,815
2025-11-02,111.24,1044,68.57,112.18,0,0,935
2025-11-03,92.53,1227,70.76,89.97,1,0,1110
2025-11-04,112.66,909,71.18,113.78,0,0,1009
2025-11-05,99.9,939,68.13,97.31,0,0,1034
2025-11-06,103.08,889,68.57,101.48,0,0,966
2025-11-07,97.56,1017,70.27,100.93,0,0,834
2025-11-08,104.94,1008,68.83,105.4,0,0,848
2025-11-09,102.45,1082,69.2,107.13,0,0,1143
2025-11-10,109.22,909,71.56,108.77,0,0,1051
2025-11-11,100.63,962,71.57,101.55,0,0,1076
2025-11-12,110.31,999,71.36,110.59,0,0,1436
2025-11-13,99.33,993,71.69,100.83,0,0,443
2025-11-14,105.08,884,70.53,104.87,0,0,1021
2025-11-15,92.73,1307,69.37,95.39,0,0,1028
2025-11-16,93.11,1143,69.08,94.25,0,0,1009
2025-11-17,108.0,986,68.43,109.45,0,0,1199
2025-11-18,112.61,950,69.92,109.96,0,0,1493
2025-11-19,108.74,964,68.28,109.67,0,0,529
2025-11-20,107.95,893,71.72,108.31,0,0,1031
2025-11-21,88.26,1112,69.65,88.93,0,0,804
2025-11-22,93.48,1167,71.48,96.53,0,0,1059
2025-11-23,94.76,1180,71.37,95.73,0,0,847
2025-11-24,107.58,829,71.16,105.43,0,0,1049
2025-11-25,88.92,1387,68.55,85.97,1,0,607
2025-11-26,109.6,881,71.0,110.59,0,0,769
2025-11-27,97.6,1000,69.66,96.83,0,0,773
2025-11-28,96.47,1060,69.58,97.59,0,0,675
2025-11-29,91.62,1185,69.77,94.02,0,0,822
2025-11-30,101.35,1158,68.88,103.28,0,0,1067
2025-12-01,97.45,1038,69.97,97.01,0,0,829
2025-12-02,109.57,944,69.79,110.68,0,0,1035
2025-12-03,93.37,1060,68.71,94.69,0,0,1255
2025-12-04,101.85,1136,69.3,100.91,1,0,1123
2025-12-05,99.02,870,70.34,98.25,0,0,1157
2025-12-06,96.82,1662,71.62,96.08,1,1,970
2025-12-07,107.78,1055,68.69,108.24,0,0,922
2025-12-08,106.77,936,68.6,107.76,0,0,1425
2025-12-09,97.3,1162,70.39,97.14,0,1,1177
2025-12-10,92.55,1099,68.07,89.02,0,0,1288
2025-12-11,104.43,978,68.88,107.33,0,0,310
2025-12-12,103.54,965,70.62,104.41,0,0,626
2025-12-13,97.55,1014,70.51,95.79,0,0,877
2025-12-14,95.69,1145,71.69,96.26,0,0,619
2025-12-15,106.0,960,70.7,106.32,0,0,694
2025-12-16,107.71,966,69.89,109.14,0,0,1170
2025-12-17,106.83,1021,69.35,104.52,0,0,1009
2025-12-18,104.3,1012,68.24,105.36,0,0,1329
2025-12-19,101.92,1190,68.4,103.3,0,1,1595
2025-12-20,104.79,976,71.55,104.66,0,0,619
2025-12-21,105.82,1126,69.89,104.81,0,0,304
2025-12-22,108.36,1002,69.43,109.69,0,0,425
2025-12-23,97.13,981,69.03,92.98,0,0,597
2025-12-24,102.77,1028,68.28,101.41,0,0,410
2025-12-25,102.82,928,69.94,101.18,0,0,745
2025-12-26,110.29,861,69.66,105.27,0,0,904
2025-12-27,90.71,1199,71.9,92.52,0,0,758
2025-12-28,97.84,1101,71.23,96.89,0,0,684
2025-12-29,103.56,1295,70.97,103.56,0,1,653
2025-12-30,85.53,1154,70.96,85.11,0,0,705
